metadata,coordinates,geo,truncated,entities,retweeted,favorite_count,place,id_str,retweeted_status,created_at,in_reply_to_screen_name,in_reply_to_status_id_str,source,text,id,in_reply_to_user_id,favorited,is_quote_status,contributors,lang,in_reply_to_user_id_str,user,in_reply_to_status_id,retweet_count,possibly_sensitive,extended_entities,quoted_status_id_str,quoted_status_id,quoted_status
"{'result_type': 'recent', 'iso_language_code': 'en'}",,,False,"{'urls': [], 'symbols': [], 'hashtags': [], 'user_mentions': [{'name': 'Ann Coulter', 'screen_name': 'AnnCoulter', 'id_str': '196168350', 'id': 196168350, 'indices': [3, 14]}]}",False,0,,836342287592456193,"{'metadata': {'result_type': 'recent', 'iso_language_code': 'en'}, 'coordinates': None, 'place': None, 'geo': None, 'truncated': False, 'entities': {'urls': [], 'symbols': [], 'hashtags': [], 'user_mentions': []}, 'retweeted': False, 'favorited': False, 'favorite_count': 9493, 'id_str': '836286215129346050', 'created_at': 'Mon Feb 27 18:45:45 +0000 2017', 'user': {'is_translation_enabled': False, 'name': 'Ann Coulter', 'profile_background_image_url_https': 'https://abs.twimg.com/images/themes/theme1/bg.png', 'profile_sidebar_border_color': '000000', 'follow_request_sent': False, 'utc_offset': -18000, 'notifications': False, 'contributors_enabled': False, 'profile_image_url_https': 'https://pbs.twimg.com/profile_images/598204767739981825/iD1DZBbS_normal.jpg', 'statuses_count': 24331, 'location': 'Los Angeles/NYC', 'time_zone': 'Quito', 'id_str': '196168350', 'is_translator': False, 'url': 'http://t.co/yOTZER5hRn', 'translator_type': 'none', 'following': False, 'friends_count': 661, 'profile_link_color': 'F5ABB5', 'profile_background_tile': False, 'created_at': 'Tue Sep 28 14:04:51 +0000 2010', 'favourites_count': 18, 'has_extended_profile': False, 'id': 196168350, 'default_profile': False, 'profile_image_url': 'http://pbs.twimg.com/profile_images/598204767739981825/iD1DZBbS_normal.jpg', 'followers_count': 1397929, 'profile_background_color': '000000', 'description': 'Author - follow me on #Facebook! https://t.co/i7VTQ5btPI', 'profile_sidebar_fill_color': '000000', 'entities': {'description': {'urls': [{'display_url': 'goo.gl/JvMjld', 'indices': [33, 56], 'url': 'https://t.co/i7VTQ5btPI', 'expanded_url': 'http://goo.gl/JvMjld'}]}, 'url': {'urls': [{'display_url': 'anncoulter.com', 'indices': [0, 22], 'url': 'http://t.co/yOTZER5hRn', 'expanded_url': 'http://www.anncoulter.com'}]}}, 'geo_enabled': False, 'protected': False, 'default_profile_image': False, 'profile_text_color': '000000', 'verified': True, 'profile_background_image_url': 'http://abs.twimg.com/images/themes/theme1/bg.png', 'screen_name': 'AnnCoulter', 'lang': 'en', 'profile_use_background_image': False, 'listed_count': 11430}, 'in_reply_to_screen_name': None, 'in_reply_to_status_id_str': None, 'source': '<a href=""http://twitter.com"" rel=""nofollow"">Twitter Web Client</a>', 'text': 'Trump critics claim WH Correspondents Dinner is a night to set politics aside. You know, like the Academy Awards.', 'id': 836286215129346050, 'in_reply_to_user_id': None, 'is_quote_status': False, 'contributors': None, 'lang': 'en', 'in_reply_to_user_id_str': None, 'in_reply_to_status_id': None, 'retweet_count': 3287}",Mon Feb 27 22:28:34 +0000 2017,,,"<a href=""http://twitter.com/download/iphone"" rel=""nofollow"">Twitter for iPhone</a>","RT @AnnCoulter: Trump critics claim WH Correspondents Dinner is a night to set politics aside. You know, like the Academy Awards.",836342287592456193,,False,False,,en,,"{'is_translation_enabled': False, 'name': 'Elizabeth Doucette', 'profile_background_image_url_https': None, 'profile_sidebar_border_color': 'C0DEED', 'follow_request_sent': False, 'utc_offset': None, 'notifications': False, 'contributors_enabled': False, 'profile_image_url_https': 'https://abs.twimg.com/sticky/default_profile_images/default_profile_2_normal.png', 'statuses_count': 419, 'location': '', 'time_zone': None, 'id_str': '774694776620851200', 'is_translator': False, 'url': None, 'translator_type': 'none', 'following': False, 'friends_count': 94, 'profile_link_color': '1DA1F2', 'profile_background_tile': False, 'created_at': 'Sat Sep 10 19:43:22 +0000 2016', 'favourites_count': 90, 'has_extended_profile': False, 'id': 774694776620851200, 'default_profile': True, 'profile_image_url': 'http://abs.twimg.com/sticky/default_profile_images/default_profile_2_normal.png', 'followers_count': 8, 'profile_background_color': 'F5F8FA', 'description': '', 'profile_sidebar_fill_color': 'DDEEF6', 'entities': {'description': {'urls': []}}, 'geo_enabled': False, 'protected': False, 'default_profile_image': True, 'profile_text_color': '333333', 'verified': False, 'profile_background_image_url': None, 'screen_name': 'thormaster03', 'lang': 'en', 'profile_use_background_image': True, 'listed_count': 0}",,3287,,,,,
"{'result_type': 'recent', 'iso_language_code': 'en'}",,,False,"{'urls': [{'display_url': 'goo.gl/PmxYAN', 'indices': [84, 107], 'url': 'https://t.co/baY05OHyCm', 'expanded_url': 'https://goo.gl/PmxYAN'}], 'symbols': [], 'hashtags': [{'text': 'America', 'indices': [31, 39]}, {'text': 'ObamaCare', 'indices': [57, 67]}, {'text': 'TrumpCare', 'indices': [72, 82]}, {'text': 'POTUS', 'indices': [108, 114]}, {'text': 'Politics', 'indices': [115, 124]}, {'text': 'healthcare', 'indices': [125, 136]}], 'user_mentions': [{'name': 'Steven J. Frisch', 'screen_name': 'stevenjfrisch', 'id_str': '17050255', 'id': 17050255, 'indices': [3, 17]}]}",False,0,,836342287416295426,"{'metadata': {'result_type': 'recent', 'iso_language_code': 'en'}, 'coordinates': None, 'place': None, 'geo': None, 'truncated': True, 'entities': {'urls': [{'display_url': 'goo.gl/PmxYAN', 'indices': [65, 88], 'url': 'https://t.co/baY05OHyCm', 'expanded_url': 'https://goo.gl/PmxYAN'}, {'display_url': 'twitter.com/i/web/status/8‚Ä¶', 'indices': [107, 130], 'url': 'https://t.co/7I8sZHFEqM', 'expanded_url': 'https://twitter.com/i/web/status/836338259525427202'}], 'symbols': [], 'hashtags': [{'text': 'America', 'indices': [12, 20]}, {'text': 'ObamaCare', 'indices': [38, 48]}, {'text': 'TrumpCare', 'indices': [53, 63]}, {'text': 'POTUS', 'indices': [89, 95]}, {'text': 'Politics', 'indices': [96, 105]}], 'user_mentions': []}, 'retweeted': False, 'favorited': False, 'favorite_count': 31, 'id_str': '836338259525427202', 'possibly_sensitive': False, 'created_at': 'Mon Feb 27 22:12:34 +0000 2017', 'user': {'is_translation_enabled': False, 'name': 'Steven J. Frisch', 'profile_background_image_url_https': 'https://abs.twimg.com/images/themes/theme1/bg.png', 'profile_sidebar_border_color': 'C0DEED', 'follow_request_sent': False, 'utc_offset': -28800, 'notifications': False, 'contributors_enabled': False, 'profile_image_url_https': 'https://pbs.twimg.com/profile_images/637176653836214272/UgKmwqJE_normal.png', 'statuses_count': 1232, 'location': 'California, USA', 'time_zone': 'Pacific Time (US & Canada)', 'id_str': '17050255', 'is_translator': False, 'url': 'http://t.co/4Mt6ebtJCn', 'translator_type': 'none', 'profile_banner_url': 'https://pbs.twimg.com/profile_banners/17050255/1440679996', 'following': False, 'friends_count': 143, 'profile_link_color': '1DA1F2', 'profile_background_tile': False, 'created_at': 'Wed Oct 29 20:04:04 +0000 2008', 'favourites_count': 37, 'has_extended_profile': True, 'id': 17050255, 'default_profile': True, 'profile_image_url': 'http://pbs.twimg.com/profile_images/637176653836214272/UgKmwqJE_normal.png', 'followers_count': 187130, 'profile_background_color': 'C0DEED', 'description': 'Ivy League educated serial #entrepreneur; co-founder of 6 companies, member of 12 boards & #CEO of 6 companies, of which 7 were acquired for over $675 million', 'profile_sidebar_fill_color': 'DDEEF6', 'entities': {'description': {'urls': []}, 'url': {'urls': [{'display_url': 'stevenjfrisch.com', 'indices': [0, 22], 'url': 'http://t.co/4Mt6ebtJCn', 'expanded_url': 'http://www.stevenjfrisch.com'}]}}, 'geo_enabled': False, 'protected': False, 'default_profile_image': False, 'profile_text_color': '333333', 'verified': False, 'profile_background_image_url': 'http://abs.twimg.com/images/themes/theme1/bg.png', 'screen_name': 'stevenjfrisch', 'lang': 'en', 'profile_use_background_image': True, 'listed_count': 86}, 'in_reply_to_screen_name': None, 'in_reply_to_status_id_str': None, 'source': '<a href=""http://twitter.com"" rel=""nofollow"">Twitter Web Client</a>', 'text': 'Careless in #America ‚Äï An analysis of #ObamaCare vs. #TrumpCare\n\nhttps://t.co/baY05OHyCm #POTUS #Politics‚Ä¶ https://t.co/7I8sZHFEqM', 'id': 836338259525427202, 'in_reply_to_user_id': None, 'is_quote_status': False, 'contributors': None, 'lang': 'en', 'in_reply_to_user_id_str': None, 'in_reply_to_status_id': None, 'retweet_count': 30}",Mon Feb 27 22:28:34 +0000 2017,,,"<a href=""http://twitter.com"" rel=""nofollow"">Twitter Web Client</a>","RT @stevenjfrisch: Careless in #America ‚Äï An analysis of #ObamaCare vs. #TrumpCare

https://t.co/baY05OHyCm #POTUS #Politics #healthcare #P‚Ä¶",836342287416295426,,False,False,,en,,"{'is_translation_enabled': False, 'name': 'David', 'profile_background_image_url_https': 'https://abs.twimg.com/images/themes/theme4/bg.gif', 'profile_sidebar_border_color': '5ED4DC', 'follow_request_sent': False, 'utc_offset': None, 'notifications': False, 'contributors_enabled': False, 'profile_image_url_https': 'https://pbs.twimg.com/profile_images/670058085562515456/syX-u46x_normal.jpg', 'statuses_count': 1098, 'location': 'New York, New York', 'time_zone': None, 'id_str': '3349723569', 'is_translator': False, 'url': 'https://t.co/Mo2NN9zR2v', 'translator_type': 'none', 'profile_banner_url': 'https://pbs.twimg.com/profile_banners/3349723569/1448589304', 'following': False, 'friends_count': 464, 'profile_link_color': '0099B9', 'profile_background_tile': False, 'created_at': 'Sun Jun 28 21:00:04 +0000 2015', 'favourites_count': 991, 'has_extended_profile': False, 'id': 3349723569, 'default_profile': False, 'profile_image_url': 'http://pbs.twimg.com/profile_images/670058085562515456/syX-u46x_normal.jpg', 'followers_count': 36, 'profile_background_color': '0099B9', 'description': 'David Walter is Proud agent with New York Life Insurance Company specializing in, estate & business planning. Licensed in FL, GA, CA,  TX, VA, NY, , MA, NJ, AL', 'profile_sidebar_fill_color': '95E8EC', 'entities': {'description': {'urls': []}, 'url': {'urls': [{'display_url': 'wefollow.com/dgwalter', 'indices': [0, 23], 'url': 'https://t.co/Mo2NN9zR2v', 'expanded_url': 'http://wefollow.com/dgwalter'}]}}, 'geo_enabled': False, 'protected': False, 'default_profile_image': False, 'profile_text_color': '3C3940', 'verified': False, 'profile_background_image_url': 'http://abs.twimg.com/images/themes/theme4/bg.gif', 'screen_name': 'dgwaeltr', 'lang': 'en', 'profile_use_background_image': True, 'listed_count': 16}",,30,False,,,,
"{'result_type': 'recent', 'iso_language_code': 'en'}",,,False,"{'urls': [{'display_url': 'ow.ly/Dorz309pHEE', 'indices': [104, 127], 'url': 'https://t.co/fTpjnp3lWN', 'expanded_url': 'http://ow.ly/Dorz309pHEE'}], 'symbols': [], 'hashtags': [], 'user_mentions': [{'name': 'Salon', 'screen_name': 'Salon', 'id_str': '16955991', 'id': 16955991, 'indices': [3, 9]}]}",False,0,,836342287399428104,"{'metadata': {'result_type': 'recent', 'iso_language_code': 'en'}, 'coordinates': None, 'geo': None, 'truncated': False, 'entities': {'urls': [{'display_url': 'ow.ly/Dorz309pHEE', 'indices': [93, 116], 'url': 'https://t.co/fTpjnp3lWN', 'expanded_url': 'http://ow.ly/Dorz309pHEE'}], 'symbols': [], 'hashtags': [], 'user_mentions': [], 'media': [{'sizes': {'thumb': {'resize': 'crop', 'w': 150, 'h': 150}, 'medium': {'resize': 'fit', 'w': 620, 'h': 412}, 'large': {'resize': 'fit', 'w': 620, 'h': 412}, 'small': {'resize': 'fit', 'w': 620, 'h': 412}}, 'display_url': 'pic.twitter.com/9fHRaezEtN', 'media_url': 'http://pbs.twimg.com/media/C5s-7P_WcAA0ILP.jpg', 'id': 836331343432806400, 'url': 'https://t.co/9fHRaezEtN', 'media_url_https': 'https://pbs.twimg.com/media/C5s-7P_WcAA0ILP.jpg', 'id_str': '836331343432806400', 'indices': [117, 140], 'type': 'photo', 'expanded_url': 'https://twitter.com/Salon/status/836331346578575363/photo/1'}]}, 'retweeted': False, 'extended_entities': {'media': [{'sizes': {'thumb': {'resize': 'crop', 'w': 150, 'h': 150}, 'medium': {'resize': 'fit', 'w': 620, 'h': 412}, 'large': {'resize': 'fit', 'w': 620, 'h': 412}, 'small': {'resize': 'fit', 'w': 620, 'h': 412}}, 'display_url': 'pic.twitter.com/9fHRaezEtN', 'media_url': 'http://pbs.twimg.com/media/C5s-7P_WcAA0ILP.jpg', 'id': 836331343432806400, 'url': 'https://t.co/9fHRaezEtN', 'media_url_https': 'https://pbs.twimg.com/media/C5s-7P_WcAA0ILP.jpg', 'id_str': '836331343432806400', 'indices': [117, 140], 'type': 'photo', 'expanded_url': 'https://twitter.com/Salon/status/836331346578575363/photo/1'}]}, 'favorited': False, 'place': None, 'id_str': '836331346578575363', 'possibly_sensitive': False, 'created_at': 'Mon Feb 27 21:45:05 +0000 2017', 'user': {'is_translation_enabled': False, 'name': 'Salon', 'profile_background_image_url_https': 'https://pbs.twimg.com/profile_background_images/512628326733586432/CZCFcWP_.jpeg', 'profile_sidebar_border_color': 'FFFFFF', 'follow_request_sent': False, 'utc_offset': -28800, 'notifications': False, 'contributors_enabled': False, 'profile_image_url_https': 'https://pbs.twimg.com/profile_images/793144947444707328/obBB1x2a_normal.jpg', 'statuses_count': 146745, 'location': '', 'time_zone': 'Pacific Time (US & Canada)', 'id_str': '16955991', 'is_translator': False, 'url': 'https://t.co/njwaOeITpj', 'translator_type': 'none', 'profile_banner_url': 'https://pbs.twimg.com/profile_banners/16955991/1486583748', 'following': False, 'friends_count': 6045, 'profile_link_color': 'CC0000', 'profile_background_tile': True, 'created_at': 'Fri Oct 24 20:13:31 +0000 2008', 'favourites_count': 1547, 'has_extended_profile': False, 'id': 16955991, 'default_profile': False, 'profile_image_url': 'http://pbs.twimg.com/profile_images/793144947444707328/obBB1x2a_normal.jpg', 'followers_count': 935121, 'profile_background_color': 'CC0000', 'description': 'The original online source for news, politics, culture, and entertainment. Since 1995.', 'profile_sidebar_fill_color': 'EEEEEE', 'entities': {'description': {'urls': []}, 'url': {'urls': [{'display_url': 'Salon.com', 'indices': [0, 23], 'url': 'https://t.co/njwaOeITpj', 'expanded_url': 'http://www.Salon.com'}]}}, 'geo_enabled': False, 'protected': False, 'default_profile_image': False, 'profile_text_color': '000000', 'verified': True, 'profile_background_image_url': 'http://pbs.twimg.com/profile_background_images/512628326733586432/CZCFcWP_.jpeg', 'screen_name': 'Salon', 'lang': 'en', 'profile_use_background_image': True, 'listed_count': 15990}, 'in_reply_to_screen_name': None, 'in_reply_to_user_id': None, 'source': '<a href=""http://www.hootsuite.com"" rel=""nofollow"">Hootsuite</a>', 'text': 'Trump‚Äôs mortal enemy, Rosie O‚ÄôDonnell, will speak at a protest rally outside the White House https://t.co/fTpjnp3lWN https://t.co/9fHRaezEtN', 'id': 836331346578575363, 'in_reply_to_status_id_str': None, 'favorite_count': 136, 'is_quote_status': False, 'contributors': None, 'lang': 'en', 'in_reply_to_user_id_str': None, 'in_reply_to_status_id': None, 'retweet_count': 48}",Mon Feb 27 22:28:34 +0000 2017,,,"<a href=""http://twitter.com/download/iphone"" rel=""nofollow"">Twitter for iPhone</a>","RT @Salon: Trump‚Äôs mortal enemy, Rosie O‚ÄôDonnell, will speak at a protest rally outside the White House https://t.co/fTpjnp3lWN https://t.c‚Ä¶",836342287399428104,,False,False,,en,,"{'is_translation_enabled': False, 'name': 'Roslee', 'profile_background_image_url_https': None, 'profile_sidebar_border_color': 'C0DEED', 'follow_request_sent': False, 'utc_offset': None, 'notifications': False, 'contributors_enabled': False, 'profile_image_url_https': 'https://pbs.twimg.com/profile_images/806244128199610368/qulLz7Ec_normal.jpg', 'statuses_count': 4196, 'location': 'CA', 'time_zone': None, 'id_str': '799041430974935040', 'is_translator': False, 'url': None, 'translator_type': 'none', 'following': False, 'friends_count': 92, 'profile_link_color': '1DA1F2', 'profile_background_tile': False, 'created_at': 'Thu Nov 17 00:08:17 +0000 2016', 'favourites_count': 5970, 'has_extended_profile': False, 'id': 799041430974935040, 'default_profile': True, 'profile_image_url': 'http://pbs.twimg.com/profile_images/806244128199610368/qulLz7Ec_normal.jpg', 'followers_count': 44, 'profile_background_color': 'F5F8FA', 'description': '', 'profile_sidebar_fill_color': 'DDEEF6', 'entities': {'description': {'urls': []}}, 'geo_enabled': False, 'protected': False, 'default_profile_image': False, 'profile_text_color': '333333', 'verified': False, 'profile_background_image_url': None, 'screen_name': 'roslee0325', 'lang': 'en', 'profile_use_background_image': True, 'listed_count': 2}",,48,False,,,,
"{'result_type': 'recent', 'iso_language_code': 'en'}",,,False,"{'urls': [], 'symbols': [], 'hashtags': [{'text': 'Resist', 'indices': [111, 118]}, {'text': 'TrumpRussia', 'indices': [119, 131]}], 'user_mentions': [{'name': 'E.H. Hau #Persist', 'screen_name': 'ActionTime', 'id_str': '1620010466', 'id': 1620010466, 'indices': [3, 14]}]}",False,0,,836342287307313154,"{'metadata': {'result_type': 'recent', 'iso_language_code': 'en'}, 'coordinates': None, 'place': None, 'geo': None, 'truncated': False, 'entities': {'urls': [{'display_url': 'ln.is/abc13.com/Gh3Yr', 'indices': [116, 139], 'url': 'https://t.co/2LWoEzExuE', 'expanded_url': 'http://ln.is/abc13.com/Gh3Yr'}], 'symbols': [], 'hashtags': [{'text': 'Resist', 'indices': [95, 102]}, {'text': 'TrumpRussia', 'indices': [103, 115]}], 'user_mentions': []}, 'retweeted': False, 'favorited': False, 'favorite_count': 89, 'id_str': '836243620315422721', 'possibly_sensitive': False, 'created_at': 'Mon Feb 27 15:56:30 +0000 2017', 'user': {'is_translation_enabled': False, 'name': 'E.H. Hau #Persist', 'profile_background_image_url_https': 'https://abs.twimg.com/images/themes/theme1/bg.png', 'profile_sidebar_border_color': 'C0DEED', 'follow_request_sent': False, 'utc_offset': None, 'notifications': False, 'contributors_enabled': False, 'profile_image_url_https': 'https://pbs.twimg.com/profile_images/470754599003906048/THvzD537_normal.jpeg', 'statuses_count': 13820, 'location': 'Beautiful Vancouver, Canada', 'time_zone': None, 'id_str': '1620010466', 'is_translator': False, 'url': 'https://t.co/eTCXVZGUEN', 'translator_type': 'none', 'profile_banner_url': 'https://pbs.twimg.com/profile_banners/1620010466/1401104681', 'following': False, 'friends_count': 60617, 'profile_link_color': '0084B4', 'profile_background_tile': False, 'created_at': 'Thu Jul 25 10:13:19 +0000 2013', 'favourites_count': 6011, 'has_extended_profile': False, 'id': 1620010466, 'default_profile': False, 'profile_image_url': 'http://pbs.twimg.com/profile_images/470754599003906048/THvzD537_normal.jpeg', 'followers_count': 57709, 'profile_background_color': 'C0DEED', 'description': ""Let's Soar!Writer.Blogger(Top 100 Twitter Pro for Hire)Creativity,Productivity,Reading,Health,Biz,Tech,Self-Help,LifeLong Learner,Free Speech,#TheResistance"", 'profile_sidebar_fill_color': 'DDEEF6', 'entities': {'description': {'urls': []}, 'url': {'urls': [{'display_url': 'actiontime.le-vel.com', 'indices': [0, 23], 'url': 'https://t.co/eTCXVZGUEN', 'expanded_url': 'http://www.actiontime.le-vel.com'}]}}, 'geo_enabled': True, 'protected': False, 'default_profile_image': False, 'profile_text_color': '333333', 'verified': False, 'profile_background_image_url': 'http://abs.twimg.com/images/themes/theme1/bg.png', 'screen_name': 'ActionTime', 'lang': 'en', 'profile_use_background_image': True, 'listed_count': 1034}, 'in_reply_to_screen_name': None, 'in_reply_to_status_id_str': None, 'source': '<a href=""http://linkis.com"" rel=""nofollow"">Put your button on any page! </a>', 'text': ""DON'T RT This Because TRUMP Will GO CRAZY: George W. Bush Demands Answers on Trump-Russia Ties #Resist #TrumpRussia https://t.co/2LWoEzExuE"", 'id': 836243620315422721, 'in_reply_to_user_id': None, 'is_quote_status': False, 'contributors': None, 'lang': 'en', 'in_reply_to_user_id_str': None, 'in_reply_to_status_id': None, 'retweet_count': 118}",Mon Feb 27 22:28:34 +0000 2017,,,"<a href=""http://twitter.com/download/android"" rel=""nofollow"">Twitter for Android</a>",RT @ActionTime: DON'T RT This Because TRUMP Will GO CRAZY: George W. Bush Demands Answers on Trump-Russia Ties #Resist #TrumpRussia https:/‚Ä¶,836342287307313154,,False,False,,en,,"{'is_translation_enabled': False, 'name': 'Tru', 'profile_background_image_url_https': 'https://abs.twimg.com/images/themes/theme14/bg.gif', 'profile_sidebar_border_color': 'EEEEEE', 'follow_request_sent': False, 'utc_offset': -18000, 'notifications': False, 'contributors_enabled': False, 'profile_image_url_https': 'https://pbs.twimg.com/profile_images/827992451268956160/ux1nMjQ6_normal.jpg', 'statuses_count': 108104, 'location': '', 'time_zone': 'America/New_York', 'id_str': '277810122', 'is_translator': False, 'url': None, 'translator_type': 'none', 'profile_banner_url': 'https://pbs.twimg.com/profile_banners/277810122/1486964542', 'following': False, 'friends_count': 7824, 'profile_link_color': '009999', 'profile_background_tile': True, 'created_at': 'Wed Apr 06 02:34:30 +0000 2011', 'favourites_count': 82913, 'has_extended_profile': False, 'id': 277810122, 'default_profile': False, 'profile_image_url': 'http://pbs.twimg.com/profile_images/827992451268956160/ux1nMjQ6_normal.jpg', 'followers_count': 7622, 'profile_background_color': '131516', 'description': ""I am a disabled physician who does not believe in our illegitimate president. I'm passionate about animal rights, human rights and healthcare for all."", 'profile_sidebar_fill_color': 'EFEFEF', 'entities': {'description': {'urls': []}}, 'geo_enabled': True, 'protected': False, 'default_profile_image': False, 'profile_text_color': '333333', 'verified': False, 'profile_background_image_url': 'http://abs.twimg.com/images/themes/theme14/bg.gif', 'screen_name': 'Truactive', 'lang': 'en', 'profile_use_background_image': True, 'listed_count': 320}",,118,,,,,
"{'result_type': 'recent', 'iso_language_code': 'en'}",,,False,"{'urls': [], 'symbols': [], 'hashtags': [], 'user_mentions': [{'name': 'Muckmaker', 'screen_name': 'RealMuckmaker', 'id_str': '732515283902943232', 'id': 732515283902943232, 'indices': [3, 17]}, {'name': 'PoliticusUSA', 'screen_name': 'politicususa', 'id_str': '14792049', 'id': 14792049, 'indices': [113, 126]}]}",False,0,,836342287210799104,"{'metadata': {'result_type': 'recent', 'iso_language_code': 'en'}, 'coordinates': None, 'place': None, 'geo': None, 'truncated': False, 'entities': {'urls': [{'display_url': 'politicususa.com/2017/02/27/tru‚Ä¶', 'indices': [108, 131], 'url': 'https://t.co/p3f8CbIWOW', 'expanded_url': 'http://www.politicususa.com/2017/02/27/trump-avoids-question-special-prosecutor-russia-offers-lame-denial.html'}], 'symbols': [], 'hashtags': [], 'user_mentions': [{'name': 'PoliticusUSA', 'screen_name': 'politicususa', 'id_str': '14792049', 'id': 14792049, 'indices': [94, 107]}]}, 'retweeted': False, 'favorited': False, 'favorite_count': 42, 'id_str': '836274382817345537', 'possibly_sensitive': False, 'created_at': 'Mon Feb 27 17:58:44 +0000 2017', 'user': {'is_translation_enabled': False, 'name': 'Muckmaker', 'profile_background_image_url_https': 'https://abs.twimg.com/images/themes/theme1/bg.png', 'profile_sidebar_border_color': '000000', 'follow_request_sent': False, 'utc_offset': -28800, 'notifications': False, 'contributors_enabled': False, 'profile_image_url_https': 'https://pbs.twimg.com/profile_images/811704521323737088/4xhjV1S0_normal.jpg', 'statuses_count': 69558, 'location': 'Montana, USA', 'time_zone': 'Pacific Time (US & Canada)', 'id_str': '732515283902943232', 'is_translator': False, 'url': 'https://t.co/1zGA85qOyb', 'translator_type': 'none', 'profile_banner_url': 'https://pbs.twimg.com/profile_banners/732515283902943232/1469866545', 'following': False, 'friends_count': 22433, 'profile_link_color': '981CEB', 'profile_background_tile': False, 'created_at': 'Tue May 17 10:17:07 +0000 2016', 'favourites_count': 66025, 'has_extended_profile': True, 'id': 732515283902943232, 'default_profile': False, 'profile_image_url': 'http://pbs.twimg.com/profile_images/811704521323737088/4xhjV1S0_normal.jpg', 'followers_count': 21127, 'profile_background_color': '000000', 'description': ""Welcome to Muck's place, where the left is right.Pic's of me in Glacier Park by the lake.Take a riff on me as we move onward thru the fog!  Muck #TheResistance"", 'profile_sidebar_fill_color': '000000', 'entities': {'description': {'urls': []}, 'url': {'urls': [{'display_url': 'Realmuckmaker.com', 'indices': [0, 23], 'url': 'https://t.co/1zGA85qOyb', 'expanded_url': 'http://Realmuckmaker.com'}]}}, 'geo_enabled': False, 'protected': False, 'default_profile_image': False, 'profile_text_color': '000000', 'verified': False, 'profile_background_image_url': 'http://abs.twimg.com/images/themes/theme1/bg.png', 'screen_name': 'RealMuckmaker', 'lang': 'en', 'profile_use_background_image': False, 'listed_count': 205}, 'in_reply_to_screen_name': None, 'in_reply_to_status_id_str': None, 'source': '<a href=""http://twitter.com"" rel=""nofollow"">Twitter Web Client</a>', 'text': 'Trump Gives Answer On Russia Special Prosecutor Question That Will Come Back To Haunt Him via @politicususa https://t.co/p3f8CbIWOW', 'id': 836274382817345537, 'in_reply_to_user_id': None, 'is_quote_status': False, 'contributors': None, 'lang': 'en', 'in_reply_to_user_id_str': None, 'in_reply_to_status_id': None, 'retweet_count': 38}",Mon Feb 27 22:28:34 +0000 2017,,,"<a href=""https://mobile.twitter.com"" rel=""nofollow"">Mobile Web (M5)</a>",RT @RealMuckmaker: Trump Gives Answer On Russia Special Prosecutor Question That Will Come Back To Haunt Him via @politicususa https://t.co‚Ä¶,836342287210799104,,False,False,,en,,"{'is_translation_enabled': False, 'name': 'Trump Diaries', 'profile_background_image_url_https': None, 'profile_sidebar_border_color': 'C0DEED', 'follow_request_sent': False, 'utc_offset': None, 'notifications': False, 'contributors_enabled': False, 'profile_image_url_https': 'https://pbs.twimg.com/profile_images/823216644507992064/JtrZm_t1_normal.jpg', 'statuses_count': 3420, 'location': 'New York, USA', 'time_zone': None, 'id_str': '823215175474020353', 'is_translator': False, 'url': None, 'translator_type': 'none', 'following': False, 'friends_count': 1191, 'profile_link_color': '1DA1F2', 'profile_background_tile': False, 'created_at': 'Sun Jan 22 17:06:07 +0000 2017', 'favourites_count': 5496, 'has_extended_profile': True, 'id': 823215175474020353, 'default_profile': True, 'profile_image_url': 'http://pbs.twimg.com/profile_images/823216644507992064/JtrZm_t1_normal.jpg', 'followers_count': 463, 'profile_background_color': 'F5F8FA', 'description': 'A list of daily Trump atrocities and documentation of daily Trump whining.\n\nAlso Ted Cruz: ""The anger on the left -- I\'ve never seen anything like it.""', 'profile_sidebar_fill_color': 'DDEEF6', 'entities': {'description': {'urls': []}}, 'geo_enabled': False, 'protected': False, 'default_profile_image': False, 'profile_text_color': '333333', 'verified': False, 'profile_background_image_url': None, 'screen_name': 'diaryofthetrump', 'lang': 'en', 'profile_use_background_image': True, 'listed_count': 2}",,38,,,,,
"{'result_type': 'recent', 'iso_language_code': 'en'}",,,False,"{'urls': [{'display_url': 'youtu.be/-jIpkrelra0', 'indices': [0, 23], 'url': 'https://t.co/tBzbVkMcrr', 'expanded_url': 'https://youtu.be/-jIpkrelra0'}], 'symbols': [], 'hashtags': [], 'user_mentions': []}",False,0,,836342287034568704,,Mon Feb 27 22:28:34 +0000 2017,,,"<a href=""http://twitter.com/download/android"" rel=""nofollow"">Twitter for Android</a>",https://t.co/tBzbVkMcrr  tumpeteers are starting to pay for voting for Trump. we tried to tell them.,836342287034568704,,False,False,,en,,"{'is_translation_enabled': False, 'name': 'CL', 'profile_background_image_url_https': 'https://pbs.twimg.com/profile_background_images/431568357108625408/adBwxutM.jpeg', 'profile_sidebar_border_color': '000000', 'follow_request_sent': False, 'utc_offset': -18000, 'notifications': False, 'contributors_enabled': False, 'profile_image_url_https': 'https://pbs.twimg.com/profile_images/428564791435608065/yO5pVhiO_normal.jpeg', 'statuses_count': 14831, 'location': '', 'time_zone': 'Eastern Time (US & Canada)', 'id_str': '2316272360', 'is_translator': False, 'url': None, 'translator_type': 'none', 'profile_banner_url': 'https://pbs.twimg.com/profile_banners/2316272360/1397057642', 'following': False, 'friends_count': 805, 'profile_link_color': '990000', 'profile_background_tile': True, 'created_at': 'Wed Jan 29 00:47:16 +0000 2014', 'favourites_count': 9717, 'has_extended_profile': False, 'id': 2316272360, 'default_profile': False, 'profile_image_url': 'http://pbs.twimg.com/profile_images/428564791435608065/yO5pVhiO_normal.jpeg', 'followers_count': 323, 'profile_background_color': 'EBEBEB', 'description': 'Opportunity for everyone :-) EQUALITY MATTERS: & so does your VOTE. against the KOCH brothers & Issa.', 'profile_sidebar_fill_color': 'DDEEF6', 'entities': {'description': {'urls': []}}, 'geo_enabled': False, 'protected': False, 'default_profile_image': False, 'profile_text_color': '333333', 'verified': False, 'profile_background_image_url': 'http://pbs.twimg.com/profile_background_images/431568357108625408/adBwxutM.jpeg', 'screen_name': 'muv4ardspuukiiy', 'lang': 'en', 'profile_use_background_image': True, 'listed_count': 51}",,0,False,,,,
"{'result_type': 'recent', 'iso_language_code': 'en'}",,,False,"{'urls': [], 'symbols': [], 'hashtags': [], 'user_mentions': [{'name': 'Greg Sargent', 'screen_name': 'ThePlumLineGS', 'id_str': '20508720', 'id': 20508720, 'indices': [3, 17]}, {'name': 'Adam Schiff', 'screen_name': 'RepAdamSchiff', 'id_str': '29501253', 'id': 29501253, 'indices': [59, 73]}]}",False,0,,836342286757715968,"{'metadata': {'result_type': 'recent', 'iso_language_code': 'en'}, 'coordinates': None, 'place': None, 'geo': None, 'truncated': True, 'entities': {'urls': [{'display_url': 'twitter.com/i/web/status/8‚Ä¶', 'indices': [112, 135], 'url': 'https://t.co/7OOfEpAWtO', 'expanded_url': 'https://twitter.com/i/web/status/836304410955362308'}], 'symbols': [], 'hashtags': [], 'user_mentions': [{'name': 'Adam Schiff', 'screen_name': 'RepAdamSchiff', 'id_str': '29501253', 'id': 29501253, 'indices': [40, 54]}]}, 'retweeted': False, 'favorited': False, 'favorite_count': 112, 'id_str': '836304410955362308', 'possibly_sensitive': False, 'created_at': 'Mon Feb 27 19:58:04 +0000 2017', 'user': {'is_translation_enabled': False, 'name': 'Greg Sargent', 'profile_background_image_url_https': 'https://abs.twimg.com/images/themes/theme1/bg.png', 'profile_sidebar_border_color': 'C0DEED', 'follow_request_sent': False, 'utc_offset': -21600, 'notifications': False, 'contributors_enabled': False, 'profile_image_url_https': 'https://pbs.twimg.com/profile_images/77712921/greg_spic_normal.jpg', 'statuses_count': 108446, 'location': '', 'time_zone': 'Central Time (US & Canada)', 'id_str': '20508720', 'is_translator': False, 'url': 'https://t.co/Bx7pTZ6DYZ', 'translator_type': 'none', 'following': False, 'friends_count': 3619, 'profile_link_color': '1DA1F2', 'profile_background_tile': False, 'created_at': 'Tue Feb 10 12:04:17 +0000 2009', 'favourites_count': 1854, 'has_extended_profile': False, 'id': 20508720, 'default_profile': True, 'profile_image_url': 'http://pbs.twimg.com/profile_images/77712921/greg_spic_normal.jpg', 'followers_count': 133989, 'profile_background_color': 'C0DEED', 'description': 'A blog about politics, politics, and politics', 'profile_sidebar_fill_color': 'DDEEF6', 'entities': {'description': {'urls': []}, 'url': {'urls': [{'display_url': 'washingtonpost.com/blogs/plum-lin‚Ä¶', 'indices': [0, 23], 'url': 'https://t.co/Bx7pTZ6DYZ', 'expanded_url': 'https://www.washingtonpost.com/blogs/plum-line/'}]}}, 'geo_enabled': True, 'protected': False, 'default_profile_image': False, 'profile_text_color': '333333', 'verified': True, 'profile_background_image_url': 'http://abs.twimg.com/images/themes/theme1/bg.png', 'screen_name': 'ThePlumLineGS', 'lang': 'en', 'profile_use_background_image': True, 'listed_count': 4679}, 'in_reply_to_screen_name': None, 'in_reply_to_status_id_str': None, 'source': '<a href=""https://about.twitter.com/products/tweetdeck"" rel=""nofollow"">TweetDeck</a>', 'text': 'You all ignored it for some reason, but @RepAdamSchiff said two weeks ago he was gonna demand FBI cooperation:‚Ä¶ https://t.co/7OOfEpAWtO', 'id': 836304410955362308, 'in_reply_to_user_id': None, 'is_quote_status': False, 'contributors': None, 'lang': 'en', 'in_reply_to_user_id_str': None, 'in_reply_to_status_id': None, 'retweet_count': 89}",Mon Feb 27 22:28:34 +0000 2017,,,"<a href=""http://twitter.com"" rel=""nofollow"">Twitter Web Client</a>","RT @ThePlumLineGS: You all ignored it for some reason, but @RepAdamSchiff said two weeks ago he was gonna demand FBI cooperation:

https://‚Ä¶",836342286757715968,,False,False,,en,,"{'is_translation_enabled': False, 'name': 'Sophia', 'profile_background_image_url_https': 'https://abs.twimg.com/images/themes/theme1/bg.png', 'profile_sidebar_border_color': 'C0DEED', 'follow_request_sent': False, 'utc_offset': -18000, 'notifications': False, 'contributors_enabled': False, 'profile_image_url_https': 'https://pbs.twimg.com/profile_images/824354858451030025/UKn-1n5h_normal.jpg', 'statuses_count': 7968, 'location': '', 'time_zone': 'Eastern Time (US & Canada)', 'id_str': '19729243', 'is_translator': False, 'url': None, 'translator_type': 'none', 'following': False, 'friends_count': 457, 'profile_link_color': '1DA1F2', 'profile_background_tile': False, 'created_at': 'Thu Jan 29 19:41:26 +0000 2009', 'favourites_count': 19279, 'has_extended_profile': True, 'id': 19729243, 'default_profile': True, 'profile_image_url': 'http://pbs.twimg.com/profile_images/824354858451030025/UKn-1n5h_normal.jpg', 'followers_count': 2713, 'profile_background_color': 'C0DEED', 'description': 'female/filmmaker', 'profile_sidebar_fill_color': 'DDEEF6', 'entities': {'description': {'urls': []}}, 'geo_enabled': False, 'protected': False, 'default_profile_image': False, 'profile_text_color': '333333', 'verified': True, 'profile_background_image_url': 'http://abs.twimg.com/images/themes/theme1/bg.png', 'screen_name': 'sophiathecolest', 'lang': 'en', 'profile_use_background_image': True, 'listed_count': 75}",,89,,,,,
"{'result_type': 'recent', 'iso_language_code': 'en'}",,,False,"{'urls': [{'display_url': 'ijr.com/2017/02/810965‚Ä¶', 'indices': [79, 102], 'url': 'https://t.co/Hly0o7Fowk', 'expanded_url': 'http://ijr.com/2017/02/810965-trump-ditched-the-press-to-have-dinner-heres-how-the-president-acts-when-no-one-is-watching/'}], 'symbols': [], 'hashtags': [], 'user_mentions': [{'name': 'Paul Joseph Watson', 'screen_name': 'PrisonPlanet', 'id_str': '18643437', 'id': 18643437, 'indices': [3, 16]}], 'media': [{'sizes': {'thumb': {'resize': 'crop', 'w': 150, 'h': 150}, 'medium': {'resize': 'fit', 'w': 751, 'h': 778}, 'large': {'resize': 'fit', 'w': 751, 'h': 778}, 'small': {'resize': 'fit', 'w': 656, 'h': 680}}, 'display_url': 'pic.twitter.com/r4LcZVrv7g', 'media_url': 'http://pbs.twimg.com/media/C5oENhMWMAAhcUq.jpg', 'id': 835985311125614592, 'source_status_id_str': '835985344122191873', 'source_user_id_str': '18643437', 'source_status_id': 835985344122191873, 'type': 'photo', 'id_str': '835985311125614592', 'url': 'https://t.co/r4LcZVrv7g', 'media_url_https': 'https://pbs.twimg.com/media/C5oENhMWMAAhcUq.jpg', 'source_user_id': 18643437, 'indices': [103, 126], 'expanded_url': 'https://twitter.com/PrisonPlanet/status/835985344122191873/photo/1'}]}",False,0,,836342286736830464,"{'metadata': {'result_type': 'recent', 'iso_language_code': 'en'}, 'coordinates': None, 'geo': None, 'truncated': False, 'entities': {'urls': [{'display_url': 'ijr.com/2017/02/810965‚Ä¶', 'indices': [61, 84], 'url': 'https://t.co/Hly0o7Fowk', 'expanded_url': 'http://ijr.com/2017/02/810965-trump-ditched-the-press-to-have-dinner-heres-how-the-president-acts-when-no-one-is-watching/'}], 'symbols': [], 'hashtags': [], 'user_mentions': [], 'media': [{'sizes': {'thumb': {'resize': 'crop', 'w': 150, 'h': 150}, 'medium': {'resize': 'fit', 'w': 751, 'h': 778}, 'large': {'resize': 'fit', 'w': 751, 'h': 778}, 'small': {'resize': 'fit', 'w': 656, 'h': 680}}, 'display_url': 'pic.twitter.com/r4LcZVrv7g', 'media_url': 'http://pbs.twimg.com/media/C5oENhMWMAAhcUq.jpg', 'id': 835985311125614592, 'url': 'https://t.co/r4LcZVrv7g', 'media_url_https': 'https://pbs.twimg.com/media/C5oENhMWMAAhcUq.jpg', 'id_str': '835985311125614592', 'indices': [85, 108], 'type': 'photo', 'expanded_url': 'https://twitter.com/PrisonPlanet/status/835985344122191873/photo/1'}]}, 'retweeted': False, 'extended_entities': {'media': [{'sizes': {'thumb': {'resize': 'crop', 'w': 150, 'h': 150}, 'medium': {'resize': 'fit', 'w': 751, 'h': 778}, 'large': {'resize': 'fit', 'w': 751, 'h': 778}, 'small': {'resize': 'fit', 'w': 656, 'h': 680}}, 'display_url': 'pic.twitter.com/r4LcZVrv7g', 'media_url': 'http://pbs.twimg.com/media/C5oENhMWMAAhcUq.jpg', 'id': 835985311125614592, 'url': 'https://t.co/r4LcZVrv7g', 'media_url_https': 'https://pbs.twimg.com/media/C5oENhMWMAAhcUq.jpg', 'id_str': '835985311125614592', 'indices': [85, 108], 'type': 'photo', 'expanded_url': 'https://twitter.com/PrisonPlanet/status/835985344122191873/photo/1'}]}, 'favorited': False, 'place': None, 'id_str': '835985344122191873', 'possibly_sensitive': False, 'created_at': 'Sun Feb 26 22:50:12 +0000 2017', 'user': {'is_translation_enabled': False, 'name': 'Paul Joseph Watson', 'profile_background_image_url_https': 'https://pbs.twimg.com/profile_background_images/378800000049129232/f1cb5b3448d8a6d24e287249b765ae2a.jpeg', 'profile_sidebar_border_color': 'FFFFFF', 'follow_request_sent': False, 'utc_offset': -21600, 'notifications': False, 'contributors_enabled': False, 'profile_image_url_https': 'https://pbs.twimg.com/profile_images/756825397388533760/yXYx6CNC_normal.jpg', 'statuses_count': 33043, 'location': 'London', 'time_zone': 'Central Time (US & Canada)', 'id_str': '18643437', 'is_translator': False, 'url': 'https://t.co/BipouLYWgE', 'translator_type': 'none', 'profile_banner_url': 'https://pbs.twimg.com/profile_banners/18643437/1478133184', 'following': False, 'friends_count': 315, 'profile_link_color': '2FC2EF', 'profile_background_tile': False, 'created_at': 'Mon Jan 05 20:04:23 +0000 2009', 'favourites_count': 5085, 'has_extended_profile': True, 'id': 18643437, 'default_profile': False, 'profile_image_url': 'http://pbs.twimg.com/profile_images/756825397388533760/yXYx6CNC_normal.jpg', 'followers_count': 516524, 'profile_background_color': '1A1B1F', 'description': 'Conservatism is the new counter-culture!\n\nInfowars Editor-at-Large', 'profile_sidebar_fill_color': '252429', 'entities': {'description': {'urls': []}, 'url': {'urls': [{'display_url': 'youtube.com/user/PrisonPla‚Ä¶', 'indices': [0, 23], 'url': 'https://t.co/BipouLYWgE', 'expanded_url': 'https://www.youtube.com/user/PrisonPlanetLive'}]}}, 'geo_enabled': False, 'protected': False, 'default_profile_image': False, 'profile_text_color': '666666', 'verified': True, 'profile_background_image_url': 'http://pbs.twimg.com/profile_background_images/378800000049129232/f1cb5b3448d8a6d24e287249b765ae2a.jpeg', 'screen_name': 'PrisonPlanet', 'lang': 'en', 'profile_use_background_image': True, 'listed_count': 5240}, 'in_reply_to_screen_name': None, 'in_reply_to_user_id': None, 'source': '<a href=""http://twitter.com"" rel=""nofollow"">Twitter Web Client</a>', 'text': 'Trump hates Latinos so much, he gives them $100 dollar tips. https://t.co/Hly0o7Fowk https://t.co/r4LcZVrv7g', 'id': 835985344122191873, 'in_reply_to_status_id_str': None, 'favorite_count': 4145, 'is_quote_status': False, 'contributors': None, 'lang': 'en', 'in_reply_to_user_id_str': None, 'in_reply_to_status_id': None, 'retweet_count': 1594}",Mon Feb 27 22:28:34 +0000 2017,,,"<a href=""http://twitter.com/download/android"" rel=""nofollow"">Twitter for Android</a>","RT @PrisonPlanet: Trump hates Latinos so much, he gives them $100 dollar tips. https://t.co/Hly0o7Fowk https://t.co/r4LcZVrv7g",836342286736830464,,False,False,,en,,"{'is_translation_enabled': False, 'name': 'Sloderdijküê∏', 'profile_background_image_url_https': 'https://abs.twimg.com/images/themes/theme1/bg.png', 'profile_sidebar_border_color': 'C0DEED', 'follow_request_sent': False, 'utc_offset': -28800, 'notifications': False, 'contributors_enabled': False, 'profile_image_url_https': 'https://pbs.twimg.com/profile_images/825939589554638848/Yh2Bk0c0_normal.jpg', 'statuses_count': 6683, 'location': '', 'time_zone': 'Pacific Time (US & Canada)', 'id_str': '4467458774', 'is_translator': False, 'url': None, 'translator_type': 'none', 'profile_banner_url': 'https://pbs.twimg.com/profile_banners/4467458774/1468986111', 'following': False, 'friends_count': 115, 'profile_link_color': '1DA1F2', 'profile_background_tile': False, 'created_at': 'Sat Dec 05 20:13:11 +0000 2015', 'favourites_count': 4750, 'has_extended_profile': False, 'id': 4467458774, 'default_profile': True, 'profile_image_url': 'http://pbs.twimg.com/profile_images/825939589554638848/Yh2Bk0c0_normal.jpg', 'followers_count': 154, 'profile_background_color': 'C0DEED', 'description': 'Monster Girls are best Girls\n\n#AnimeRight', 'profile_sidebar_fill_color': 'DDEEF6', 'entities': {'description': {'urls': []}}, 'geo_enabled': True, 'protected': False, 'default_profile_image': False, 'profile_text_color': '333333', 'verified': False, 'profile_background_image_url': 'http://abs.twimg.com/images/themes/theme1/bg.png', 'screen_name': 'Sloderdijk', 'lang': 'en', 'profile_use_background_image': True, 'listed_count': 7}",,1594,False,"{'media': [{'sizes': {'thumb': {'resize': 'crop', 'w': 150, 'h': 150}, 'medium': {'resize': 'fit', 'w': 751, 'h': 778}, 'large': {'resize': 'fit', 'w': 751, 'h': 778}, 'small': {'resize': 'fit', 'w': 656, 'h': 680}}, 'display_url': 'pic.twitter.com/r4LcZVrv7g', 'media_url': 'http://pbs.twimg.com/media/C5oENhMWMAAhcUq.jpg', 'id': 835985311125614592, 'source_status_id_str': '835985344122191873', 'source_user_id_str': '18643437', 'source_status_id': 835985344122191873, 'type': 'photo', 'id_str': '835985311125614592', 'url': 'https://t.co/r4LcZVrv7g', 'media_url_https': 'https://pbs.twimg.com/media/C5oENhMWMAAhcUq.jpg', 'source_user_id': 18643437, 'indices': [103, 126], 'expanded_url': 'https://twitter.com/PrisonPlanet/status/835985344122191873/photo/1'}]}",,,
"{'result_type': 'recent', 'iso_language_code': 'en'}",,,False,"{'urls': [], 'symbols': [], 'hashtags': [{'text': 'Oscar2017', 'indices': [79, 89]}], 'user_mentions': [{'name': 'Ana Navarro', 'screen_name': 'ananavarro', 'id_str': '19568591', 'id': 19568591, 'indices': [3, 14]}]}",False,0,,836342286631972864,"{'metadata': {'result_type': 'recent', 'iso_language_code': 'en'}, 'coordinates': None, 'place': None, 'geo': None, 'truncated': False, 'entities': {'urls': [], 'symbols': [], 'hashtags': [{'text': 'Oscar2017', 'indices': [63, 73]}], 'user_mentions': []}, 'retweeted': False, 'favorited': False, 'favorite_count': 26685, 'id_str': '836206887918002177', 'created_at': 'Mon Feb 27 13:30:32 +0000 2017', 'user': {'is_translation_enabled': False, 'name': 'Ana Navarro', 'profile_background_image_url_https': 'https://abs.twimg.com/images/themes/theme1/bg.png', 'profile_sidebar_border_color': 'C0DEED', 'follow_request_sent': False, 'utc_offset': -14400, 'notifications': False, 'contributors_enabled': False, 'profile_image_url_https': 'https://pbs.twimg.com/profile_images/784612088979259393/6EhHUckH_normal.jpg', 'statuses_count': 17702, 'location': 'Coral Gables, Fl', 'time_zone': 'Atlantic Time (Canada)', 'id_str': '19568591', 'is_translator': False, 'url': 'https://t.co/IaghNWqyKC', 'translator_type': 'none', 'profile_banner_url': 'https://pbs.twimg.com/profile_banners/19568591/1451419906', 'following': False, 'friends_count': 653, 'profile_link_color': '1DA1F2', 'profile_background_tile': False, 'created_at': 'Tue Jan 27 00:34:59 +0000 2009', 'favourites_count': 3686, 'has_extended_profile': False, 'id': 19568591, 'default_profile': True, 'profile_image_url': 'http://pbs.twimg.com/profile_images/784612088979259393/6EhHUckH_normal.jpg', 'followers_count': 382461, 'profile_background_color': 'C0DEED', 'description': 'Nicaraguan by birth. American by choice. Miamian b/c God loves me. @CNN @ABC @Telemundo contributor. Unsuccessful dieter. Can often find me & my drink poolside.', 'profile_sidebar_fill_color': 'DDEEF6', 'entities': {'description': {'urls': []}, 'url': {'urls': [{'display_url': 'cnn.com', 'indices': [0, 23], 'url': 'https://t.co/IaghNWqyKC', 'expanded_url': 'http://www.cnn.com'}]}}, 'geo_enabled': True, 'protected': False, 'default_profile_image': False, 'profile_text_color': '333333', 'verified': True, 'profile_background_image_url': 'http://abs.twimg.com/images/themes/theme1/bg.png', 'screen_name': 'ananavarro', 'lang': 'en', 'profile_use_background_image': True, 'listed_count': 3726}, 'in_reply_to_screen_name': None, 'in_reply_to_status_id_str': None, 'source': '<a href=""http://twitter.com/download/iphone"" rel=""nofollow"">Twitter for iPhone</a>', 'text': ""In 12 hours, there's been more investigation/clarification  re #Oscar2017 screw-up, than there's been of Trump/Russia ties in last 3 months."", 'id': 836206887918002177, 'in_reply_to_user_id': None, 'is_quote_status': False, 'contributors': None, 'lang': 'en', 'in_reply_to_user_id_str': None, 'in_reply_to_status_id': None, 'retweet_count': 12066}",Mon Feb 27 22:28:34 +0000 2017,,,"<a href=""http://twitter.com/download/iphone"" rel=""nofollow"">Twitter for iPhone</a>","RT @ananavarro: In 12 hours, there's been more investigation/clarification  re #Oscar2017 screw-up, than there's been of Trump/Russia ties‚Ä¶",836342286631972864,,False,False,,en,,"{'is_translation_enabled': False, 'name': 'Dr. Cockroach, Ph.D.', 'profile_background_image_url_https': 'https://pbs.twimg.com/profile_background_images/403070262/270529_2283038001932_1428310834_32764219_2365549_n.jpg', 'profile_sidebar_border_color': 'F2E195', 'follow_request_sent': False, 'utc_offset': 3600, 'notifications': False, 'contributors_enabled': False, 'profile_image_url_https': 'https://pbs.twimg.com/profile_images/2895688688/12da266698f1c8f518b7b2546040661f_normal.jpeg', 'statuses_count': 23513, 'location': '3rd rock from the sun', 'time_zone': 'Prague', 'id_str': '26777021', 'is_translator': False, 'url': None, 'translator_type': 'none', 'profile_banner_url': 'https://pbs.twimg.com/profile_banners/26777021/1353875935', 'following': False, 'friends_count': 1494, 'profile_link_color': '3B94D9', 'profile_background_tile': True, 'created_at': 'Thu Mar 26 15:45:40 +0000 2009', 'favourites_count': 16426, 'has_extended_profile': False, 'id': 26777021, 'default_profile': False, 'profile_image_url': 'http://pbs.twimg.com/profile_images/2895688688/12da266698f1c8f518b7b2546040661f_normal.jpeg', 'followers_count': 619, 'profile_background_color': 'BADFCD', 'description': '', 'profile_sidebar_fill_color': 'FFF7CC', 'entities': {'description': {'urls': []}}, 'geo_enabled': False, 'protected': False, 'default_profile_image': False, 'profile_text_color': '0C3E53', 'verified': False, 'profile_background_image_url': 'http://pbs.twimg.com/profile_background_images/403070262/270529_2283038001932_1428310834_32764219_2365549_n.jpg', 'screen_name': 'Dr_Kakerlake', 'lang': 'de', 'profile_use_background_image': True, 'listed_count': 53}",,12066,,,,,
"{'result_type': 'recent', 'iso_language_code': 'en'}",,,False,"{'urls': [], 'symbols': [], 'hashtags': [{'text': 'IveBeenExpecting', 'indices': [0, 17]}], 'user_mentions': []}",False,0,,836342286611005440,,Mon Feb 27 22:28:34 +0000 2017,,,"<a href=""http://twitter.com/download/android"" rel=""nofollow"">Twitter for Android</a>",#IveBeenExpecting Trump to be impeached.,836342286611005440,,False,False,,en,,"{'is_translation_enabled': False, 'name': 'HoSh', 'profile_background_image_url_https': 'https://abs.twimg.com/images/themes/theme1/bg.png', 'profile_sidebar_border_color': 'C0DEED', 'follow_request_sent': False, 'utc_offset': None, 'notifications': False, 'contributors_enabled': False, 'profile_image_url_https': 'https://pbs.twimg.com/profile_images/830971118576160768/r2LVaA4h_normal.jpg', 'statuses_count': 491, 'location': '', 'time_zone': None, 'id_str': '744562274', 'is_translator': False, 'url': None, 'translator_type': 'none', 'profile_banner_url': 'https://pbs.twimg.com/profile_banners/744562274/1485567473', 'following': False, 'friends_count': 129, 'profile_link_color': '1DA1F2', 'profile_background_tile': False, 'created_at': 'Wed Aug 08 06:06:48 +0000 2012', 'favourites_count': 970, 'has_extended_profile': True, 'id': 744562274, 'default_profile': True, 'profile_image_url': 'http://pbs.twimg.com/profile_images/830971118576160768/r2LVaA4h_normal.jpg', 'followers_count': 57, 'profile_background_color': 'C0DEED', 'description': ""Mood: Waiting for Ed Sheeran's Album."", 'profile_sidebar_fill_color': 'DDEEF6', 'entities': {'description': {'urls': []}}, 'geo_enabled': False, 'protected': False, 'default_profile_image': False, 'profile_text_color': '333333', 'verified': False, 'profile_background_image_url': 'http://abs.twimg.com/images/themes/theme1/bg.png', 'screen_name': 'Divafeets16', 'lang': 'en', 'profile_use_background_image': True, 'listed_count': 1}",,0,,,,,
"{'result_type': 'recent', 'iso_language_code': 'en'}",,,False,"{'urls': [], 'symbols': [], 'hashtags': [], 'user_mentions': []}",False,0,,836342286602629120,,Mon Feb 27 22:28:34 +0000 2017,,,"<a href=""http://twitter.com/download/iphone"" rel=""nofollow"">Twitter for iPhone</a>","The Oscar Envelope Terrorist plot? Please don't let the envelope hander-over be Muslim, a woman or Mexican: Trump will have a field day!!",836342286602629120,,False,False,,en,,"{'is_translation_enabled': False, 'name': 'tony coles', 'profile_background_image_url_https': 'https://abs.twimg.com/images/themes/theme2/bg.gif', 'profile_sidebar_border_color': 'C6E2EE', 'follow_request_sent': False, 'utc_offset': 0, 'notifications': False, 'contributors_enabled': False, 'profile_image_url_https': 'https://pbs.twimg.com/profile_images/559805516466380800/ko7EMdde_normal.jpeg', 'statuses_count': 183, 'location': 'Portbury, Nr Bristol', 'time_zone': 'London', 'id_str': '112158753', 'is_translator': False, 'url': None, 'translator_type': 'none', 'profile_banner_url': 'https://pbs.twimg.com/profile_banners/112158753/1422303425', 'following': False, 'friends_count': 45, 'profile_link_color': '1F98C7', 'profile_background_tile': False, 'created_at': 'Sun Feb 07 12:52:13 +0000 2010', 'favourites_count': 10, 'has_extended_profile': False, 'id': 112158753, 'default_profile': False, 'profile_image_url': 'http://pbs.twimg.com/profile_images/559805516466380800/ko7EMdde_normal.jpeg', 'followers_count': 20, 'profile_background_color': 'C6E2EE', 'description': ""It's been an interesting ride so far....."", 'profile_sidebar_fill_color': 'DAECF4', 'entities': {'description': {'urls': []}}, 'geo_enabled': True, 'protected': False, 'default_profile_image': False, 'profile_text_color': '663B12', 'verified': False, 'profile_background_image_url': 'http://abs.twimg.com/images/themes/theme2/bg.gif', 'screen_name': 'antonseloc', 'lang': 'en', 'profile_use_background_image': True, 'listed_count': 0}",,0,,,,,
"{'result_type': 'recent', 'iso_language_code': 'en'}",,,False,"{'urls': [{'display_url': 'businessinsider.com/george-w-bush-‚Ä¶', 'indices': [110, 133], 'url': 'https://t.co/OoGOjcVzfq', 'expanded_url': 'http://www.businessinsider.com/george-w-bush-donald-trump-russia-media-criticism-2017-2'}], 'symbols': [], 'hashtags': [], 'user_mentions': [{'name': 'George Takei', 'screen_name': 'GeorgeTakei', 'id_str': '237845487', 'id': 237845487, 'indices': [3, 15]}]}",False,0,,836342286527180800,"{'metadata': {'result_type': 'recent', 'iso_language_code': 'en'}, 'coordinates': None, 'place': None, 'geo': None, 'truncated': False, 'entities': {'urls': [{'display_url': 'businessinsider.com/george-w-bush-‚Ä¶', 'indices': [93, 116], 'url': 'https://t.co/OoGOjcVzfq', 'expanded_url': 'http://www.businessinsider.com/george-w-bush-donald-trump-russia-media-criticism-2017-2'}], 'symbols': [], 'hashtags': [], 'user_mentions': []}, 'retweeted': False, 'favorited': False, 'favorite_count': 15123, 'id_str': '836279964899028992', 'possibly_sensitive': False, 'created_at': 'Mon Feb 27 18:20:55 +0000 2017', 'user': {'is_translation_enabled': False, 'name': 'George Takei', 'profile_background_image_url_https': 'https://pbs.twimg.com/profile_background_images/479993169363218432/YRp7xuMf.jpeg', 'profile_sidebar_border_color': 'FFFFFF', 'follow_request_sent': False, 'utc_offset': -18000, 'notifications': False, 'contributors_enabled': False, 'profile_image_url_https': 'https://pbs.twimg.com/profile_images/822432996791898112/ZsnKNKwU_normal.jpg', 'statuses_count': 25574, 'location': 'Broadway - New York, NY', 'time_zone': 'Eastern Time (US & Canada)', 'id_str': '237845487', 'is_translator': False, 'url': 'https://t.co/tMChk117hF', 'translator_type': 'none', 'profile_banner_url': 'https://pbs.twimg.com/profile_banners/237845487/1482260493', 'following': False, 'friends_count': 557, 'profile_link_color': 'ABB8C2', 'profile_background_tile': False, 'created_at': 'Thu Jan 13 19:33:56 +0000 2011', 'favourites_count': 1637, 'has_extended_profile': False, 'id': 237845487, 'default_profile': False, 'profile_image_url': 'http://pbs.twimg.com/profile_images/822432996791898112/ZsnKNKwU_normal.jpg', 'followers_count': 2200668, 'profile_background_color': '022330', 'description': 'Some know me as Mr. Sulu from Star Trek but I hope all know me as a believer in, and a fighter for, the equality and dignity of all human beings.', 'profile_sidebar_fill_color': 'DDEEF6', 'entities': {'description': {'urls': []}, 'url': {'urls': [{'display_url': 'stcky.io/ohmyyy/download', 'indices': [0, 23], 'url': 'https://t.co/tMChk117hF', 'expanded_url': 'https://stcky.io/ohmyyy/download'}]}}, 'geo_enabled': True, 'protected': False, 'default_profile_image': False, 'profile_text_color': '333333', 'verified': True, 'profile_background_image_url': 'http://pbs.twimg.com/profile_background_images/479993169363218432/YRp7xuMf.jpeg', 'screen_name': 'GeorgeTakei', 'lang': 'en', 'profile_use_background_image': True, 'listed_count': 22133}, 'in_reply_to_screen_name': None, 'in_reply_to_status_id_str': None, 'source': '<a href=""http://twitter.com/download/iphone"" rel=""nofollow"">Twitter for iPhone</a>', 'text': 'You know things are bad when George W. Bush starts sounding like a member of the Resistance. https://t.co/OoGOjcVzfq', 'id': 836279964899028992, 'in_reply_to_user_id': None, 'is_quote_status': False, 'contributors': None, 'lang': 'en', 'in_reply_to_user_id_str': None, 'in_reply_to_status_id': None, 'retweet_count': 6546}",Mon Feb 27 22:28:34 +0000 2017,,,"<a href=""http://twitter.com/#!/download/ipad"" rel=""nofollow"">Twitter for iPad</a>",RT @GeorgeTakei: You know things are bad when George W. Bush starts sounding like a member of the Resistance. https://t.co/OoGOjcVzfq,836342286527180800,,False,False,,en,,"{'is_translation_enabled': False, 'name': 'Helen Gallon', 'profile_background_image_url_https': 'https://abs.twimg.com/images/themes/theme1/bg.png', 'profile_sidebar_border_color': 'C0DEED', 'follow_request_sent': False, 'utc_offset': 3600, 'notifications': False, 'contributors_enabled': False, 'profile_image_url_https': 'https://pbs.twimg.com/profile_images/517085757434253312/EZ_xe4vz_normal.jpeg', 'statuses_count': 1922, 'location': '', 'time_zone': 'Amsterdam', 'id_str': '247502017', 'is_translator': False, 'url': None, 'translator_type': 'none', 'following': False, 'friends_count': 769, 'profile_link_color': '1DA1F2', 'profile_background_tile': False, 'created_at': 'Fri Feb 04 23:00:50 +0000 2011', 'favourites_count': 900, 'has_extended_profile': False, 'id': 247502017, 'default_profile': True, 'profile_image_url': 'http://pbs.twimg.com/profile_images/517085757434253312/EZ_xe4vz_normal.jpeg', 'followers_count': 117, 'profile_background_color': 'C0DEED', 'description': '', 'profile_sidebar_fill_color': 'DDEEF6', 'entities': {'description': {'urls': []}}, 'geo_enabled': True, 'protected': False, 'default_profile_image': False, 'profile_text_color': '333333', 'verified': False, 'profile_background_image_url': 'http://abs.twimg.com/images/themes/theme1/bg.png', 'screen_name': 'subzeronell', 'lang': 'en', 'profile_use_background_image': True, 'listed_count': 3}",,6546,False,,,,
"{'result_type': 'recent', 'iso_language_code': 'en'}",,,False,"{'urls': [{'display_url': 'hill.cm/O7e9fkd', 'indices': [73, 96], 'url': 'https://t.co/ix5u3xhm18', 'expanded_url': 'http://hill.cm/O7e9fkd'}], 'symbols': [], 'hashtags': [], 'user_mentions': [{'name': 'The Hill', 'screen_name': 'thehill', 'id_str': '1917731', 'id': 1917731, 'indices': [3, 11]}], 'media': [{'sizes': {'thumb': {'resize': 'crop', 'w': 150, 'h': 150}, 'medium': {'resize': 'fit', 'w': 640, 'h': 360}, 'large': {'resize': 'fit', 'w': 640, 'h': 360}, 'small': {'resize': 'fit', 'w': 640, 'h': 360}}, 'display_url': 'pic.twitter.com/q7Ooqd5Pej', 'media_url': 'http://pbs.twimg.com/media/C5r6feOXEAAuGaz.jpg', 'id': 836256099426832384, 'source_status_id_str': '836256101641388032', 'source_user_id_str': '1917731', 'source_status_id': 836256101641388032, 'type': 'photo', 'id_str': '836256099426832384', 'url': 'https://t.co/q7Ooqd5Pej', 'media_url_https': 'https://pbs.twimg.com/media/C5r6feOXEAAuGaz.jpg', 'source_user_id': 1917731, 'indices': [97, 120], 'expanded_url': 'https://twitter.com/thehill/status/836256101641388032/photo/1'}]}",False,0,,836342286472646657,"{'metadata': {'result_type': 'recent', 'iso_language_code': 'en'}, 'coordinates': None, 'geo': None, 'truncated': False, 'entities': {'urls': [{'display_url': 'hill.cm/O7e9fkd', 'indices': [60, 83], 'url': 'https://t.co/ix5u3xhm18', 'expanded_url': 'http://hill.cm/O7e9fkd'}], 'symbols': [], 'hashtags': [], 'user_mentions': [], 'media': [{'sizes': {'thumb': {'resize': 'crop', 'w': 150, 'h': 150}, 'medium': {'resize': 'fit', 'w': 640, 'h': 360}, 'large': {'resize': 'fit', 'w': 640, 'h': 360}, 'small': {'resize': 'fit', 'w': 640, 'h': 360}}, 'display_url': 'pic.twitter.com/q7Ooqd5Pej', 'media_url': 'http://pbs.twimg.com/media/C5r6feOXEAAuGaz.jpg', 'id': 836256099426832384, 'url': 'https://t.co/q7Ooqd5Pej', 'media_url_https': 'https://pbs.twimg.com/media/C5r6feOXEAAuGaz.jpg', 'id_str': '836256099426832384', 'indices': [84, 107], 'type': 'photo', 'expanded_url': 'https://twitter.com/thehill/status/836256101641388032/photo/1'}]}, 'retweeted': False, 'extended_entities': {'media': [{'sizes': {'thumb': {'resize': 'crop', 'w': 150, 'h': 150}, 'medium': {'resize': 'fit', 'w': 640, 'h': 360}, 'large': {'resize': 'fit', 'w': 640, 'h': 360}, 'small': {'resize': 'fit', 'w': 640, 'h': 360}}, 'display_url': 'pic.twitter.com/q7Ooqd5Pej', 'media_url': 'http://pbs.twimg.com/media/C5r6feOXEAAuGaz.jpg', 'id': 836256099426832384, 'url': 'https://t.co/q7Ooqd5Pej', 'media_url_https': 'https://pbs.twimg.com/media/C5r6feOXEAAuGaz.jpg', 'id_str': '836256099426832384', 'indices': [84, 107], 'type': 'photo', 'expanded_url': 'https://twitter.com/thehill/status/836256101641388032/photo/1'}]}, 'favorited': False, 'place': None, 'id_str': '836256101641388032', 'possibly_sensitive': False, 'created_at': 'Mon Feb 27 16:46:06 +0000 2017', 'user': {'is_translation_enabled': False, 'name': 'The Hill', 'profile_background_image_url_https': 'https://pbs.twimg.com/profile_background_images/2509428/twitter_bg.gif', 'profile_sidebar_border_color': 'ADADAA', 'follow_request_sent': False, 'utc_offset': -18000, 'notifications': False, 'contributors_enabled': False, 'profile_image_url_https': 'https://pbs.twimg.com/profile_images/718186698824413184/H1qUtJzN_normal.jpg', 'statuses_count': 283547, 'location': 'Washington, DC', 'time_zone': 'Eastern Time (US & Canada)', 'id_str': '1917731', 'is_translator': False, 'url': 'http://t.co/t414UtTRv4', 'translator_type': 'none', 'profile_banner_url': 'https://pbs.twimg.com/profile_banners/1917731/1434034905', 'following': False, 'friends_count': 743, 'profile_link_color': 'FF0021', 'profile_background_tile': True, 'created_at': 'Thu Mar 22 18:15:18 +0000 2007', 'favourites_count': 26, 'has_extended_profile': False, 'id': 1917731, 'default_profile': False, 'profile_image_url': 'http://pbs.twimg.com/profile_images/718186698824413184/H1qUtJzN_normal.jpg', 'followers_count': 2030388, 'profile_background_color': '9AE4E8', 'description': ""The Hill is the premier source for policy and political news. Follow for tweets on what's happening in Washington, breaking news and retweets of our reporters."", 'profile_sidebar_fill_color': 'EBEBEB', 'entities': {'description': {'urls': []}, 'url': {'urls': [{'display_url': 'thehill.com', 'indices': [0, 22], 'url': 'http://t.co/t414UtTRv4', 'expanded_url': 'http://www.thehill.com'}]}}, 'geo_enabled': False, 'protected': False, 'default_profile_image': False, 'profile_text_color': '000000', 'verified': True, 'profile_background_image_url': 'http://pbs.twimg.com/profile_background_images/2509428/twitter_bg.gif', 'screen_name': 'thehill', 'lang': 'en', 'profile_use_background_image': True, 'listed_count': 20372}, 'in_reply_to_screen_name': None, 'in_reply_to_user_id': None, 'source': '<a href=""http://www.socialflow.com"" rel=""nofollow"">SocialFlow</a>', 'text': ""Rosie O'Donnell to lead anti-Trump rally at the White House https://t.co/ix5u3xhm18 https://t.co/q7Ooqd5Pej"", 'id': 836256101641388032, 'in_reply_to_status_id_str': None, 'favorite_count': 2070, 'is_quote_status': False, 'contributors': None, 'lang': 'en', 'in_reply_to_user_id_str': None, 'in_reply_to_status_id': None, 'retweet_count': 867}",Mon Feb 27 22:28:34 +0000 2017,,,"<a href=""http://twitter.com/download/android"" rel=""nofollow"">Twitter for Android</a>",RT @thehill: Rosie O'Donnell to lead anti-Trump rally at the White House https://t.co/ix5u3xhm18 https://t.co/q7Ooqd5Pej,836342286472646657,,False,False,,en,,"{'is_translation_enabled': False, 'name': 'New Girl', 'profile_background_image_url_https': 'https://abs.twimg.com/images/themes/theme1/bg.png', 'profile_sidebar_border_color': 'C0DEED', 'follow_request_sent': False, 'utc_offset': -14400, 'notifications': False, 'contributors_enabled': False, 'profile_image_url_https': 'https://pbs.twimg.com/profile_images/616263489083023360/8WSiy3B7_normal.jpg', 'statuses_count': 17921, 'location': '', 'time_zone': 'Atlantic Time (Canada)', 'id_str': '1092703016', 'is_translator': False, 'url': None, 'translator_type': 'none', 'profile_banner_url': 'https://pbs.twimg.com/profile_banners/1092703016/1400858806', 'following': False, 'friends_count': 690, 'profile_link_color': '1DA1F2', 'profile_background_tile': False, 'created_at': 'Tue Jan 15 17:15:35 +0000 2013', 'favourites_count': 12608, 'has_extended_profile': False, 'id': 1092703016, 'default_profile': True, 'profile_image_url': 'http://pbs.twimg.com/profile_images/616263489083023360/8WSiy3B7_normal.jpg', 'followers_count': 592, 'profile_background_color': 'C0DEED', 'description': ""New to politics but becoming obsessed.  Cares about the environment, women's issues, animals, children and the future.  Votes Dem and proud of it."", 'profile_sidebar_fill_color': 'DDEEF6', 'entities': {'description': {'urls': []}}, 'geo_enabled': True, 'protected': False, 'default_profile_image': False, 'profile_text_color': '333333', 'verified': False, 'profile_background_image_url': 'http://abs.twimg.com/images/themes/theme1/bg.png', 'screen_name': 'NewGirl4444', 'lang': 'en', 'profile_use_background_image': True, 'listed_count': 24}",,867,False,"{'media': [{'sizes': {'thumb': {'resize': 'crop', 'w': 150, 'h': 150}, 'medium': {'resize': 'fit', 'w': 640, 'h': 360}, 'large': {'resize': 'fit', 'w': 640, 'h': 360}, 'small': {'resize': 'fit', 'w': 640, 'h': 360}}, 'display_url': 'pic.twitter.com/q7Ooqd5Pej', 'media_url': 'http://pbs.twimg.com/media/C5r6feOXEAAuGaz.jpg', 'id': 836256099426832384, 'source_status_id_str': '836256101641388032', 'source_user_id_str': '1917731', 'source_status_id': 836256101641388032, 'type': 'photo', 'id_str': '836256099426832384', 'url': 'https://t.co/q7Ooqd5Pej', 'media_url_https': 'https://pbs.twimg.com/media/C5r6feOXEAAuGaz.jpg', 'source_user_id': 1917731, 'indices': [97, 120], 'expanded_url': 'https://twitter.com/thehill/status/836256101641388032/photo/1'}]}",,,
"{'result_type': 'recent', 'iso_language_code': 'en'}",,,False,"{'urls': [{'display_url': 'twitter.com/KamalChomani/s‚Ä¶', 'indices': [113, 136], 'url': 'https://t.co/Sg95ZNgmV3', 'expanded_url': 'https://twitter.com/KamalChomani/status/836169267871629312'}], 'symbols': [], 'hashtags': [], 'user_mentions': []}",False,0,,836342286216749057,,Mon Feb 27 22:28:34 +0000 2017,,,"<a href=""http://twitter.com"" rel=""nofollow"">Twitter Web Client</a>",wall between trump and 911 evidence being built feverishly by trump financial backers; trump cannot run from 911 https://t.co/Sg95ZNgmV3,836342286216749057,,False,True,,en,,"{'is_translation_enabled': False, 'name': 'Toasterino', 'profile_background_image_url_https': 'https://abs.twimg.com/images/themes/theme1/bg.png', 'profile_sidebar_border_color': 'C0DEED', 'follow_request_sent': False, 'utc_offset': None, 'notifications': False, 'contributors_enabled': False, 'profile_image_url_https': 'https://abs.twimg.com/sticky/default_profile_images/default_profile_0_normal.png', 'statuses_count': 30402, 'location': '', 'time_zone': None, 'id_str': '3383713018', 'is_translator': False, 'url': None, 'translator_type': 'none', 'following': False, 'friends_count': 143, 'profile_link_color': '1DA1F2', 'profile_background_tile': False, 'created_at': 'Sun Jul 19 21:49:40 +0000 2015', 'favourites_count': 6, 'has_extended_profile': False, 'id': 3383713018, 'default_profile': True, 'profile_image_url': 'http://abs.twimg.com/sticky/default_profile_images/default_profile_0_normal.png', 'followers_count': 78, 'profile_background_color': 'C0DEED', 'description': '', 'profile_sidebar_fill_color': 'DDEEF6', 'entities': {'description': {'urls': []}}, 'geo_enabled': False, 'protected': False, 'default_profile_image': True, 'profile_text_color': '333333', 'verified': False, 'profile_background_image_url': 'http://abs.twimg.com/images/themes/theme1/bg.png', 'screen_name': 'delbertino48', 'lang': 'en', 'profile_use_background_image': True, 'listed_count': 16}",,0,False,,836169267871629312,836169267871629312,"{'metadata': {'result_type': 'recent', 'iso_language_code': 'en'}, 'coordinates': None, 'geo': None, 'truncated': True, 'entities': {'urls': [{'display_url': 'twitter.com/i/web/status/8‚Ä¶', 'indices': [117, 140], 'url': 'https://t.co/p9qt0XGfJy', 'expanded_url': 'https://twitter.com/i/web/status/836169267871629312'}], 'symbols': [], 'hashtags': [], 'user_mentions': []}, 'retweeted': False, 'favorite_count': 45, 'place': None, 'id_str': '836169267871629312', 'possibly_sensitive': False, 'created_at': 'Mon Feb 27 11:01:03 +0000 2017', 'user': {'is_translation_enabled': False, 'name': 'Kamal Chomani', 'profile_background_image_url_https': 'https://pbs.twimg.com/profile_background_images/546254479/303346_285891998166934_100002384076917_598925_1774257294_n.jpg', 'profile_sidebar_border_color': 'FFFFFF', 'follow_request_sent': False, 'utc_offset': 10800, 'notifications': False, 'contributors_enabled': False, 'profile_image_url_https': 'https://pbs.twimg.com/profile_images/805167895181410304/myl7yPzk_normal.jpg', 'statuses_count': 17800, 'location': 'Kurdistan Region, Iraq', 'time_zone': 'Baghdad', 'id_str': '54150130', 'is_translator': False, 'url': 'https://t.co/sDBYhdFfSf', 'translator_type': 'regular', 'profile_banner_url': 'https://pbs.twimg.com/profile_banners/54150130/1458895810', 'following': False, 'friends_count': 1377, 'profile_link_color': 'FF0000', 'profile_background_tile': True, 'created_at': 'Mon Jul 06 07:51:30 +0000 2009', 'favourites_count': 2806, 'has_extended_profile': True, 'id': 54150130, 'default_profile': False, 'profile_image_url': 'http://pbs.twimg.com/profile_images/805167895181410304/myl7yPzk_normal.jpg', 'followers_count': 13288, 'profile_background_color': '131F19', 'description': 'Co-founder of The @KurdishPolicy', 'profile_sidebar_fill_color': 'FFF7CC', 'entities': {'description': {'urls': []}, 'url': {'urls': [{'display_url': 'kurdishpolicy.org', 'indices': [0, 23], 'url': 'https://t.co/sDBYhdFfSf', 'expanded_url': 'https://kurdishpolicy.org'}]}}, 'geo_enabled': False, 'protected': False, 'default_profile_image': False, 'profile_text_color': '0C3E53', 'verified': True, 'profile_background_image_url': 'http://pbs.twimg.com/profile_background_images/546254479/303346_285891998166934_100002384076917_598925_1774257294_n.jpg', 'screen_name': 'KamalChomani', 'lang': 'en', 'profile_use_background_image': True, 'listed_count': 178}, 'in_reply_to_screen_name': None, 'in_reply_to_status_id_str': None, 'source': '<a href=""http://twitter.com"" rel=""nofollow"">Twitter Web Client</a>', 'text': 'Trump planned to build a wall between two countries, however, Erdogan built a wall within a nation to further separ‚Ä¶ https://t.co/p9qt0XGfJy', 'id': 836169267871629312, 'in_reply_to_user_id': None, 'favorited': False, 'is_quote_status': True, 'contributors': None, 'lang': 'en', 'quoted_status_id_str': '836168437940498433', 'in_reply_to_user_id_str': None, 'quoted_status_id': 836168437940498433, 'in_reply_to_status_id': None, 'retweet_count': 44}"
"{'result_type': 'recent', 'iso_language_code': 'en'}",,,False,"{'urls': [], 'symbols': [], 'hashtags': [], 'user_mentions': [{'name': 'Kaivan Shroff', 'screen_name': 'KaivanShroff', 'id_str': '2289770467', 'id': 2289770467, 'indices': [3, 16]}]}",False,0,,836342286216646656,"{'metadata': {'result_type': 'recent', 'iso_language_code': 'en'}, 'coordinates': None, 'place': None, 'geo': None, 'truncated': False, 'entities': {'urls': [], 'symbols': [], 'hashtags': [], 'user_mentions': []}, 'retweeted': False, 'favorited': False, 'favorite_count': 43, 'id_str': '836340902201344000', 'created_at': 'Mon Feb 27 22:23:04 +0000 2017', 'user': {'is_translation_enabled': False, 'name': 'Kaivan Shroff', 'profile_background_image_url_https': 'https://abs.twimg.com/images/themes/theme1/bg.png', 'profile_sidebar_border_color': 'C0DEED', 'follow_request_sent': False, 'utc_offset': -18000, 'notifications': False, 'contributors_enabled': False, 'profile_image_url_https': 'https://pbs.twimg.com/profile_images/831941332356702209/IKm4fwgu_normal.jpg', 'statuses_count': 13628, 'location': 'Manhattan, NY', 'time_zone': 'Eastern Time (US & Canada)', 'id_str': '2289770467', 'is_translator': False, 'url': 'https://t.co/4qp93h5ImL', 'translator_type': 'none', 'profile_banner_url': 'https://pbs.twimg.com/profile_banners/2289770467/1481995226', 'following': False, 'friends_count': 1376, 'profile_link_color': '1DA1F2', 'profile_background_tile': False, 'created_at': 'Mon Jan 13 14:25:27 +0000 2014', 'favourites_count': 33302, 'has_extended_profile': True, 'id': 2289770467, 'default_profile': True, 'profile_image_url': 'http://pbs.twimg.com/profile_images/831941332356702209/IKm4fwgu_normal.jpg', 'followers_count': 19244, 'profile_background_color': 'C0DEED', 'description': '[current]: MBA @Yale üëî, @millennial_dems [past]: digital organizingüì±üôã\U0001f3fc@HillaryClinton, üë®\U0001f3fd\u200düéìpoli sci @BrownUniversity', 'profile_sidebar_fill_color': 'DDEEF6', 'entities': {'description': {'urls': []}, 'url': {'urls': [{'display_url': 'instagram.com/kaivanshroff', 'indices': [0, 23], 'url': 'https://t.co/4qp93h5ImL', 'expanded_url': 'http://instagram.com/kaivanshroff'}]}}, 'geo_enabled': True, 'protected': False, 'default_profile_image': False, 'profile_text_color': '333333', 'verified': False, 'profile_background_image_url': 'http://abs.twimg.com/images/themes/theme1/bg.png', 'screen_name': 'KaivanShroff', 'lang': 'en', 'profile_use_background_image': True, 'listed_count': 285}, 'in_reply_to_screen_name': None, 'in_reply_to_status_id_str': None, 'source': '<a href=""http://twitter.com"" rel=""nofollow"">Twitter Web Client</a>', 'text': ""Trump sent 11 tweets about Kristen Stewart and Robert Pattinson's relationship.\n\nHe has sent 0 about the wave of hate-crimes against Jews."", 'id': 836340902201344000, 'in_reply_to_user_id': None, 'is_quote_status': False, 'contributors': None, 'lang': 'en', 'in_reply_to_user_id_str': None, 'in_reply_to_status_id': None, 'retweet_count': 35}",Mon Feb 27 22:28:34 +0000 2017,,,"<a href=""http://twitterrific.com"" rel=""nofollow"">Twitterrific</a>","RT @KaivanShroff: Trump sent 11 tweets about Kristen Stewart and Robert Pattinson's relationship.

He has sent 0 about the wave of hate-cri‚Ä¶",836342286216646656,,False,False,,en,,"{'is_translation_enabled': False, 'name': '#fumptrump', 'profile_background_image_url_https': None, 'profile_sidebar_border_color': 'C0DEED', 'follow_request_sent': False, 'utc_offset': None, 'notifications': False, 'contributors_enabled': False, 'profile_image_url_https': 'https://pbs.twimg.com/profile_images/804801016935817216/jebBMNtK_normal.jpg', 'statuses_count': 431, 'location': 'Washington, DC', 'time_zone': None, 'id_str': '804790002727034880', 'is_translator': False, 'url': 'https://t.co/jCZkBgucFH', 'translator_type': 'none', 'profile_banner_url': 'https://pbs.twimg.com/profile_banners/804790002727034880/1480971881', 'following': False, 'friends_count': 230, 'profile_link_color': '1DA1F2', 'profile_background_tile': False, 'created_at': 'Fri Dec 02 20:51:03 +0000 2016', 'favourites_count': 78, 'has_extended_profile': True, 'id': 804790002727034880, 'default_profile': True, 'profile_image_url': 'http://pbs.twimg.com/profile_images/804801016935817216/jebBMNtK_normal.jpg', 'followers_count': 110, 'profile_background_color': 'F5F8FA', 'description': 'Because saying ""F U Mr. President""to the leader of the free world is language only The Donald would use', 'profile_sidebar_fill_color': 'DDEEF6', 'entities': {'description': {'urls': []}, 'url': {'urls': [{'display_url': 'fumptrump.org', 'indices': [0, 23], 'url': 'https://t.co/jCZkBgucFH', 'expanded_url': 'http://www.fumptrump.org'}]}}, 'geo_enabled': False, 'protected': False, 'default_profile_image': False, 'profile_text_color': '333333', 'verified': False, 'profile_background_image_url': None, 'screen_name': 'fumptrump', 'lang': 'en', 'profile_use_background_image': True, 'listed_count': 2}",,35,,,,,
